[
  {
    "password": "123",
    "account": "aaa"
  },
  {
    "password": "123",
    "account": "abc"
  },
  {
    "password": "1",
    "account": "1"
  },
  {
    "password": "abc",
    "account": "123"
  },
  {
    "password": "a",
    "account": "a"
  },
  {
    "password": "1029",
    "account": "wayne"
  },
  {
    "password": "1234",
    "account": "wayne1"
  },
  {
    "password": "a",
    "account": "bob"
  },
  {
    "password": "asd",
    "account": "asd"
  },
  {
    "password": "asd",
    "account": "asd"
  }
]